Email Address,Full Name,Phone
contact1@example.com,Contact 1,+5511987651
contact2@example.com,Contact 2,+5511987652
contact3@example.com,Contact 3,+5511987653
contact4@example.com,Contact 4,+5511987654
contact5@example.com,Contact 5,+5511987655
contact6@example.com,Contact 6,+5511987656
contact7@example.com,Contact 7,+5511987657
contact8@example.com,Contact 8,+5511987658
contact9@example.com,Contact 9,+5511987659
contact10@example.com,Contact 10,+55119876510
contact11@example.com,Contact 11,+55119876511
contact12@example.com,Contact 12,+55119876512
contact13@example.com,Contact 13,+55119876513
contact14@example.com,Contact 14,+55119876514
contact15@example.com,Contact 15,+55119876515
contact16@example.com,Contact 16,+55119876516
contact17@example.com,Contact 17,+55119876517
contact18@example.com,Contact 18,+55119876518
contact19@example.com,Contact 19,+55119876519
contact20@example.com,Contact 20,+55119876520
contact21@example.com,Contact 21,+55119876521
contact22@example.com,Contact 22,+55119876522
contact23@example.com,Contact 23,+55119876523
contact24@example.com,Contact 24,+55119876524
contact25@example.com,Contact 25,+55119876525
contact26@example.com,Contact 26,+55119876526
contact27@example.com,Contact 27,+55119876527
contact28@example.com,Contact 28,+55119876528
contact29@example.com,Contact 29,+55119876529
contact30@example.com,Contact 30,+55119876530
contact31@example.com,Contact 31,+55119876531
contact32@example.com,Contact 32,+55119876532
contact33@example.com,Contact 33,+55119876533
contact34@example.com,Contact 34,+55119876534
contact35@example.com,Contact 35,+55119876535
contact36@example.com,Contact 36,+55119876536
contact37@example.com,Contact 37,+55119876537
contact38@example.com,Contact 38,+55119876538
contact39@example.com,Contact 39,+55119876539
contact40@example.com,Contact 40,+55119876540
contact41@example.com,Contact 41,+55119876541
contact42@example.com,Contact 42,+55119876542
contact43@example.com,Contact 43,+55119876543
contact44@example.com,Contact 44,+55119876544
contact45@example.com,Contact 45,+55119876545
contact46@example.com,Contact 46,+55119876546
contact47@example.com,Contact 47,+55119876547
contact48@example.com,Contact 48,+55119876548
contact49@example.com,Contact 49,+55119876549
contact50@example.com,Contact 50,+55119876550
contact51@example.com,Contact 51,+55119876551
contact52@example.com,Contact 52,+55119876552
contact53@example.com,Contact 53,+55119876553
contact54@example.com,Contact 54,+55119876554
contact55@example.com,Contact 55,+55119876555
contact56@example.com,Contact 56,+55119876556
contact57@example.com,Contact 57,+55119876557
contact58@example.com,Contact 58,+55119876558
contact59@example.com,Contact 59,+55119876559
contact60@example.com,Contact 60,+55119876560
contact61@example.com,Contact 61,+55119876561
contact62@example.com,Contact 62,+55119876562
contact63@example.com,Contact 63,+55119876563
contact64@example.com,Contact 64,+55119876564
contact65@example.com,Contact 65,+55119876565
contact66@example.com,Contact 66,+55119876566
contact67@example.com,Contact 67,+55119876567
contact68@example.com,Contact 68,+55119876568
contact69@example.com,Contact 69,+55119876569
contact70@example.com,Contact 70,+55119876570
contact71@example.com,Contact 71,+55119876571
contact72@example.com,Contact 72,+55119876572
contact73@example.com,Contact 73,+55119876573
contact74@example.com,Contact 74,+55119876574
contact75@example.com,Contact 75,+55119876575
contact76@example.com,Contact 76,+55119876576
contact77@example.com,Contact 77,+55119876577
contact78@example.com,Contact 78,+55119876578
contact79@example.com,Contact 79,+55119876579
contact80@example.com,Contact 80,+55119876580
contact81@example.com,Contact 81,+55119876581
contact82@example.com,Contact 82,+55119876582
contact83@example.com,Contact 83,+55119876583
contact84@example.com,Contact 84,+55119876584
contact85@example.com,Contact 85,+55119876585
contact86@example.com,Contact 86,+55119876586
contact87@example.com,Contact 87,+55119876587
contact88@example.com,Contact 88,+55119876588
contact89@example.com,Contact 89,+55119876589
contact90@example.com,Contact 90,+55119876590
contact91@example.com,Contact 91,+55119876591
contact92@example.com,Contact 92,+55119876592
contact93@example.com,Contact 93,+55119876593
contact94@example.com,Contact 94,+55119876594
contact95@example.com,Contact 95,+55119876595
contact96@example.com,Contact 96,+55119876596
contact97@example.com,Contact 97,+55119876597
contact98@example.com,Contact 98,+55119876598
contact99@example.com,Contact 99,+55119876599
contact100@example.com,Contact 100,+551198765100
